{"facebook.com": 29.066298961639404, "twitch.tv": 3.8695294857025146, "stackoverflow.com": 6.36116886138916, "linkedin.com": 6.554361581802368}