{"thispointer.com": 15.208784818649292, "youtube.com": 10.803704500198364, "facebook.com": 2.307835817337036}