{"youtube.com": 32.03307604789734, "tutorialspoint.com": 0.7890312671661377, "facebook.com": 1.3887462615966797}