{"stackoverflow.com": 12.69045090675354, "geeksforgeeks.org": 0.392378568649292, "github.com": 3.2260754108428955}